ID,imageOrder,imagePath,altText,caption
WAL080,1,WAL080-downstream.jpeg,Walnut Creek site monitored by The Watershed Project,
WAL080,2,WAL080-upstream.jpeg,Walnut Creek site monitored by The Watershed Project,
CEO170,1,CEO170-upstream.jpeg,Grayon Creek site monitored by The Watershed Project,
CEO170,2,CEO170-downstream.jpeg,Grayon Creek site monitored by The Watershed Project,
WAL045,2,WAL045-upstream.jpeg,Walnut Creek site monitored by The Watershed Project,
WAL045,1,WAL045-site.jpeg,Walnut Creek site monitored by The Watershed Project,
WAL045,3,WAL045-downstream.jpeg,Walnut Creek site monitored by The Watershed Project,
CEO166,1,CEO166-site.jpeg,Grayon Creek site monitored by The Watershed Project,
CEO166,2,CEO166-downstream.jpeg,Grayon Creek site monitored by The Watershed Project,
CEO166,3,CEO166-upstream.jpeg,Grayon Creek site monitored by The Watershed Project,
CEO160,3,CEO160-downstream.jpeg,Grayon Creek site monitored by The Watershed Project,
CEO160,2,CEO160-upstream.jpeg,Grayon Creek site monitored by The Watershed Project,
CEO160,1,CEO160-site.jpeg,Grayon Creek site monitored by The Watershed Project,
ALH110,1,ALH110-site.jpeg,Alhambra Creek site monitored by The Watershed Project,
ALH110,2,ALH110-upstream.jpeg,Alhambra Creek site monitored by The Watershed Project,
ALH110,3,ALH110downstream.jpeg,Alhambra Creek site monitored by The Watershed Project,
ALH,,ALH110-site.jpeg,Alhambra Creek site monitored by The Watershed Project,
CEO,,CEO170-downstream.jpeg,Grayon Creek site monitored by The Watershed Project,
WAL,,WAL045-photo.jpeg,The Watershed Project staff and volunteers monitor Walnut Creek site,The Watershed Project staff and volunteers monitor Walnut Creek site
SPA260,1,SPA260-downstream.jpeg,San Pablo Creek site monitored by The Watershed Project,
SPA260,2,SPA260-site.jpeg,San Pablo Creek site monitored by The Watershed Project,
SPA260,3,SPA260-upstream.jpeg,San Pablo Creek site monitored by The Watershed Project,
SPA250,1,SPA250-upstream.jpeg,San Pablo Creek site monitored by The Watershed Project,
SPA250,2,SPA250-downstream.jpeg,San Pablo Creek site monitored by The Watershed Project,
SPA230,1,SPA230-upstream.jpeg,San Pablo Creek site monitored by The Watershed Project,
SPA230,2,SPA230-downstream.jpeg,San Pablo Creek site monitored by The Watershed Project,
SPA231,1,SPA231-downstream.jpeg,San Pablo Creek site monitored by The Watershed Project,
SPA231,2,SPA231-upstream.jpeg,San Pablo Creek site monitored by The Watershed Project,
SPA210,1,SPA210-upstream.jpeg,San Pablo Creek site monitored by The Watershed Project,
SPA210,2,SPA210-downstream.jpeg,San Pablo Creek site monitored by The Watershed Project,
SPA180,1,SPA180-downstream.jpeg,San Pablo Creek site monitored by The Watershed Project,
SPA180,2,SPA180-upstream.jpeg,San Pablo Creek site monitored by The Watershed Project,
SPA129,1,SPA129-downstream.jpeg,San Pablo Creek site monitored by The Watershed Project,
SPA129,2,SPA129-upstream.jpeg,San Pablo Creek site monitored by The Watershed Project,
SPA110,1,SPA110-site.jpeg,San Pablo Creek site monitored by The Watershed Project,
SPA110,2,SPA110-upstream.jpeg,San Pablo Creek site monitored by The Watershed Project,
SPA108,1,SPA108-upstream.jpeg,San Pablo Creek site monitored by The Watershed Project,
SPA108,2,SPA108-downstream.jpeg,San Pablo Creek site monitored by The Watershed Project,
SPA103,1,SPA103-downstream.jpeg,San Pablo Creek site monitored by The Watershed Project,
SPA103,2,SPA103-upstream.jpeg,San Pablo Creek site monitored by The Watershed Project,
WIL070,1,WIL070-upstream.jpeg,Wildcat Creek site monitored by The Watershed Project,
WIL070,2,WIL070-downstream.jpeg,Wildcat Creek site monitored by The Watershed Project,
WIL060,1,WIL060-upstream.jpeg,Wildcat Creek site monitored by The Watershed Project,
WIL060,2,WIL060-downstream.jpeg,Wildcat Creek site monitored by The Watershed Project,
WIL050,1,WIL050-upstream.jpeg,Wildcat Creek site monitored by The Watershed Project,
WIL050,2,WIL050-downstream.jpeg,Wildcat Creek site monitored by The Watershed Project,
WIL040,1,WIL040-site.jpeg,Wildcat Creek site monitored by The Watershed Project,
SUP030,1,SUP030-upstream.jpeg,Rheem Creek site monitored by The Watershed Project,
SUP030,2,SUP030-downstream.jpeg,Rheem Creek site monitored by The Watershed Project,
SPA,,SPA210-photo.jpeg,The Watershed Project staff monitor San Pablo Creek site,The Watershed Project staff monitor San Pablo Creek site
WIL,,WIL070-photo.jpeg,The Watershed Project staff and volunteers monitor Wildcat Creek site,The Watershed Project staff and volunteers monitor Wildcat Creek site
SUP,,SUP030-photo.jpeg,The Watershed Project volunteer monitor Rheem Creek site,The Watershed Project volunteer monitor Rheem Creek site
MSH120,1,MSH120-upstream.jpeg,Marsh Creek site monitored by The Watershed Project,
MSH120,2,MSH120-downstream1.jpeg,Marsh Creek site monitored by The Watershed Project,
MSH120,3,MSH120-downstream2.jpeg,Marsh Creek site monitored by The Watershed Project,
MSH110,1,MSH110-upstream.jpeg,Marsh Creek site monitored by The Watershed Project,
MSH110,2,MSH110-downstream.jpeg,Marsh Creek site monitored by The Watershed Project,
MSH090,1,MSH090-upstream.jpeg,Marsh Creek site monitored by The Watershed Project,
MSH090,2,MSH090-downstream.jpeg,Marsh Creek site monitored by The Watershed Project,
MSH,,MSH090-upstream.jpeg,Marsh Creek site monitored by The Watershed Project,
